1,rivalry cowboy cgi animation claw crane
2,james bond character evil woman 007 chemical weapons
3,tied to a chair weapon revolver fire
4,loan shark debt mobster producer
5,psychopath dead body in a bathtub detective murder
6,No keyword found..
7,Short
8,pig sheep farm sheepdog
9,capital punishment solitary confinement f rated execution
10,dog tank battle widow
11,detective seven deadly sins serial murder murder
12,No keyword found..
13,talking about sex husband wife relationship hot blind man
14,poetry island poet bicycle
15,high school 1990s deafness high school teacher
16,lesbian strong female character polyamorous relationship pregnant lesbian
17,vampire stripper rape victim pervert
18,little girl shopkeeper snake charmer new year's day
19,character name as title dutch strong female character strong female lead
20,insect england bare chested male country life
21,miss piggy character swedish chef character kermit the frog character profanity
22,revolt based on true story england legend
23,child prostitution loner street life neo noir
24,coors light coast guard helicopter collapsing building
25,pretense sham united states of america united states
26,No keyword found..
27,buddy movie criminal investigation murder investigation usa
28,survival astronaut space mission rescue
29,batman character alfred pennyworth character harvey dent character james gordon character
30,prostitute wife marriage brothel madam double life
31,u.s. navy 1990s submarine captain naval base
32,cartoonist underground comic psychotronic film art
33,mexican one against many lone wolf musician
34,pubic hair fellatio threesome woman in bathtub
35,boy oil tanker oil spill killer whale
36,brief female frontal nudity attempted suicide voyeur love
37,female vampire boxing practice morgue uncle nephew relationship
38,identity identity theft computer hacker chat room
39,virtual reality murder rape year 1999
40,on the road new york city domestic violence title directed by female
41,teacher student relationship banana peel high school graduation academic decathlon
42,low budget film friend convenience store stupidity
43,sexual harassment seduction fellatio sexual predator
44,watching tv woman wears eyeglasses character name as title abuse
45,chinese food cooking food family relationships
46,public nudity protective male haunted by the past grief
47,film director misfit friend hollywood
48,athlete national film registry high school college
49,mechanic laboratory animal man wears eyeglasses initialism in title
50,No keyword found..
51,no opening credits violence sex scene sexual positions
52,king of england restraint self destructiveness politics
53,satire controversy mass media irony
54,epidemic monkey disease quarantine
55,four word series title 20th century 21st century 1990s
56,overdose drug overdose bondage drug use
57,catholic priest homosexual sexual repression liverpool england
58,investigation fraud television 1950s
59,ex judge eavesdropping judge model
60,loss of child liberty first part of trilogy telling a joke
61,obsession divorce wealth humiliation
62,hieroglyph archeology stargate military
63,Drama
64,based on the works of stephen king prison escape from prison voice over narration
65,small town countryside rural setting responsibility
66,unconventional romance holiday season single woman secret admirer
67,nudity owner dog relationship master dog relationship 1990s
68,No keyword found..
69,amputee war hero based on book based on novel
70,funeral gay cafe hotel
71,Talk-Show
72,overdose drug overdose bondage drug use
73,character name as title playing card bow the weapon arrow
74,No keyword found..
75,character name in titleSee All (2)
76,1970s nightclub breasts female nudity
77,frame up briefcase law law firm
78,killer whale animal no opening credits warner bros.
79,on the run u.s. marshal surgeon chicago illinois
80,parody bare midriff limousine driver rambo
81,Short
82,tyrannosaurus rex sneeze severed arm bipedal dinosaur
83,shakespeare's much ado about nothing based on play multi plot italy
84,iowa ambulance fire truck sheriff
85,hostage dysfunctional family christmas marriage counselor
86,No keyword found.
87,child prodigy new york city speed chess champion
88,seattle washington colleague diner waitress
89,human android relationship cyberpunk police detective female android
90,coffeehouse butcher scottish accent black comedy
91,halloween villain christmas movie scientist
92,cocaine pimp aspiring actor los angeles california
93,first crush bully junior high school sibling rivalry
94,home alone burglary child protagonist booby trap
95,genie genie character princess cave
96,future sequel artificial intelligence mother son relationship
97,native american 19th century wolf famous score
98,No keyword found..
99,brothers grimm fairy tale evil stepmother based on fairy tale
100,botched crime neo noir americana tall tale
101,female nudity animated nudity violence sexual fantasy
102,cat 1910s animal protagonist talking animal
103,human dog relationship animal protagonist animal hero animal villain
104,exploding car genocide child kidnapping buddy cop
105,sergeant army sergeant con man army base
106,woman on top dead body in a bathtub dead body in a car death in a bathtub
107,priest prostitute painter pregnancy
108,pharmaceuticals side effect pharmaceutical company anti depressant
109,mad scientist b movie number in title reference to pink floyd
110,riding an elephant reference to elephant reference to an elephant rescued by elephant
111,veterinarian radio show host love triangle insecurity
112,male protagonist animal character name as title flipper character marine life
113,austrian police provence cholera
114,No keyword found..
115,photograph film clip alcoholism retrospective
116,female led relationship f rated farm 1930s
117,time bomb colored smoke aircraft warplane
118,storm chaser disaster tornado eating
119,memorial vietnam civil rights vietnam war
120,striptease female nudity stripping strip club
121,No keyword found..
122,obsession revenge friendship hostage
123,No keyword found..
124,father son relationship family history told in flashback interracial relationship
125,genius psionic power brain tumor terminal illness
126,reference to homer's odyssey prison world war two wound
127,No keyword found..
128,No keyword found.
129,mafia bound and gagged finger cut off stolen money
130,kansas city missouri female frontal nudity breasts scantily clad female
131,manhattan new york city typewriter ribbon tiffany and co. manhattan new york city drunkenness
132,No keyword found..
133,narcissism american civil war narcissistic personality disorder strong female lead
134,rosebud new york narcissism materialism
135,star child human versus computer number in title computer
136,national film registry afi children butler
137,italian restaurant timpano business competitor failing business
138,sports team bus rivalry apology
139,No keyword found..
140,animal in cast credits digging under a fence wedding young girl
141,giant tentacle submarine captain submarine crew futuristic submarine
142,alternate history good versus evil reference to henri de toulouse lautrec lost island
143,No keyword found..
144,one against many los angeles california christmas heist
145,intelligence supernatural power science runs amok transformation
146,neighbor san francisco california friendship dysfunctional family
147,vomiting shot in the head corpse in water chopping wood
148,railway africa 1890s lion attack
149,breast suckling sex scene dead children child murder
150,premarital sex waitress pizza delivery boy pizza
151,chocolate ticket candy golden ticket
152,clumsiness free love mistaken identity scientist
153,heist ugly american fish tank plan gone wrong
154,british comedy monty python reference to jesus christ actor playing multiple roles
155,abortion teenager pantyhose sexy woman
156,nonlinear timeline mexican standoff robbery graphic violence
157,gore combat fatigue gunfire automatic weapon
158,pantyhose pantyhose legs black pantyhose brunette woman
159,manipulation female nudity ice pick mind game
160,office rain all male cast calling someone a cunt
161,flying jet male objectification male camaraderie
162,teenage boy 1980s nostalgia character appears in newspaper
163,bread clumsiness doorbell watermelon
164,trapped underwater pantyhose ocean drowning
165,country vs city cultures conspiracy water rights provence
166,revenge goatherd sequel countryside of provence
167,pantyhose camera shot of feet suntan pantyhose female protagonist
168,killer rabbit monty python camelot cult film
169,inventor wallace and gromit clay animation penguin
170,cinema flashback movie theatre funeral
171,black comedy human meat absurd comedy bed
172,duel rescue part of trilogy famous score
173,No keyword found.
174,ark of the covenant indiana jones archeologist famous opening scene
175,wrongful arrest dystopia dream clerical error
176,rescue mission soldier monster death of daughter
177,No keyword found..
178,dialogue driven courtroom single set production trial
179,dystopia future beating unprovoked violence
180,vietnam war jungle insanity secret mission
181,star wars scrolling shooter amstrad cpc single player
182,mafia organized crime sadistic psychopath mob
183,spaceship outer space creature female protagonist
184,evil dead skeleton soldier 1990s medieval times
185,shower money maniac theft
186,No keyword found..
187,No keyword found..
188,vietnam war drill instructor u.s. marine boot camp
189,No keyword found..
190,battle shakespeare play battle of agincourt hundred years war
191,composer classical composer 1800s female stockinged leg
192,rage domestic violence violence boxing
193,No keyword found..
194,con man scantily clad woman illegal activity playing golf
195,computer african american jacket leather jacket
196,education suicide english teacher poet
197,college graduate adultery famous score one man two women
198,france shotgun hidden door undercover agent
199,jungle uniform british soldier japanese soldier
200,No keyword found..
201,panties 1980s cult film backwoods
202,time loop groundhog day suicide weatherman
203,one last job sadist revenge gun control
204,delorean time machine future time travel comedy
205,year 1945 year 1944 year 1943 world war two in italy
206,post thermonuclear war biker gang gifted child science runs amok
207,17th century period drama letter nose
208,hunchback reanimation laboratory sexual joke
209,parody heavy metal rockumentary satire
210,father son relationship origin of hero year 1912 united states of america
211,No keyword found..
212,sexual promiscuity soviet invasion of czechoslovakia soviet occupation menage a trois
213,Drama
214,loss of father adolescence wall rock star
215,ghost baseball baseball field regret
216,opposites attract fake orgasm new york pessimist
217,vampire monster sex female vampire sex scene
218,revenge cigar smoking violence houseboat
219,sleep deprivation american horror lucid dream murder
220,remake of french film directed by star dating lecture
221,female pubic hair love sex pubic hair
222,post world war three zefram cochrane character experimental technology nuclear missile
223,mental institution small town neo noir sadistic psychopath
224,18th century kingdom of france deaf mute boy
225,live action remake dog actor car set on fire cruella de vil character
226,opening action scene bravery radar detective
227,type 2 phaser ship's surgeon spock character klingon character
228,revenge funeral cheating birthday
229,sacrifice regaining one's memory dying planet stabbed to death
230,whale alien probe humpback whale time travel
231,dc comics superhero mask revenge
232,interracial romance campfire antihero villain
233,battleship terrorist plot one against many knife throwing
234,beach great white shark blockbuster shark attack
235,parody b movie dark comedy political satire
236,woman wears eyeglasses abortion judge judicial system
237,reference to the arizona state sun devils agent sports agent football
238,reference to arizona state university phoenix arizona diaper neo screwball comedy
239,cryptography security nsa encryption
240,television addiction damaged television beavis and butt head
241,french and indian war colonial america seven years' war woman in jeopardy
242,gold digger marriage for money promiscuity pregnant woman
243,No keyword found..
244,female protagonist character name in title f rated boy
245,columbia tristar home video terrorist murder police officer
246,silent bob character jay character dialogue heavy shared universe
247,supervillain 1990s power rangers singing row row row your boat
248,range time bomb man wears eyeglasses disney
249,spoof bullet firing bra fembot british secret service
250,future taxi driver love alien
251,husband wife relationship tokyo japan japan 1990s
252,costa rica dog's death blockbuster video night time
253,No keyword found..
254,heavy breathing pun ice freeze
255,best friend singing kiss unrequited love
256,investigation private investigation long haired male bare chested male
257,pantyhose superhero galaxy terrorist
258,wormhole religion nasa alien intelligence
259,heiress hero animal companion slapstick comedy
260,astronaut black hole hell female astronaut
261,gavel abandoned church car in water clown
262,deaf woman sexism office secretary
263,female soldier terrorist explosion reference to shaft
264,insect disease entomologist cockroach
265,cold war era submarine defection navy
266,kull the conqueror character protohistory movie flop king
267,ambiguous ending subconscious surprise ending psycho thriller
268,silent bob character jay character dialogue heavy shared universe
269,unemployment male stripper northern england dole
270,genetics future space travel urine sample
271,giant insect future war space travel space station
272,genius mathematical genius friend loss of wife
273,organized crime honor criminal investigation taken in for questioning
274,chauffeur estate playboy vogue magazine
275,19th century based on novel black hair visit
276,alcoholic prostitute falling in love with a prostitute based on novel
277,plague based on novel king charles ii historical event
278,flower widower rooftop painting
279,rural setting race relations prejudice mississippi
280,No keyword found..
281,criminal estranged husband gang villain played by lead actor
282,male rear nudity gay interest gay man violence
283,blonde title same as book female name in title f rated
284,nickname love kiss friend
285,mother daughter relationship birthday party search for birth mother family secret
286,nurse flashback english church
287,united states usa friendship leukemia
288,slasher masked killer female protagonist mystery killer
289,argentine president actress politics military
290,black comedy father son relationship father and son played by same actor farce
291,hot wife murder death of wife death
292,african american lynch mob death manhunt
293,fbi agent money cutting off a leg racial slur
294,obscene finger gesture female stockinged feet pantyhose workaholic
295,trucker breakdown psychological thriller psychological abuse
296,two directors teenage boy illegal immigration baby
297,man wears eyeglasses beekeeper dysfunctional family tied to a chair
298,death of child girl in panties face ripped off severed face
299,gangster great depression street shootout irish american
300,terrorist terrorism vietnam war veteran first lady of the united states of america
301,gay kiss homophobia school teacher watching television
302,murder 1950s call girl neo noir
303,man wears eyeglasses beekeeper dysfunctional family tied to a chair
304,tuba guitar goose canada
305,virgin swinging wife swapping sexual awakening
306,skinny dipping male nudity male frontal nudity queen victoria character
307,lawyer the devil vanity supernatural power
308,1910s meadow butterflies countryside
309,violence textile company secret prostitute
310,Family Western
311,Short
312,murder trial murder trial reporter
313,sailor's death mass death titanic wet
314,hostile takeover machine gun die hard scenario disguised as a nun
315,blackmail bare chested male male rear nudity murder
316,unlikely friendship friendship writer neighbor
317,father son relationship based on true story anti irish bias psychological manipulation
318,champagne villa womanizer soap
319,portrait museum new york city halloween costume
320,murder west memphis arkansas occult arkansas
321,narcissism blonde stereotype reference to 2001 a space odyssey gossip
322,police officer dead body with eyes open female agent martial art
323,mayor lava volcanologist volcanic eruption
324,doppelganger strong sexual content graphic violence breasts
325,accident victim sexuality bisexuality sex scene
326,military training strong female character soldier
327,internal affairs falling off a roof faked death dirty cop
328,hospital talking while driving on the run surveillance
329,police officer killed psychopath psycho thriller terminal illness
330,substitute teacher hood teacher high school
331,wilderness crash survival tactics billionaire
332,kidnapping escape serial killer tied to a tree
333,surprise ending game hitchcockian puzzlement
334,police officer shot dramatic irony incest neo noir
335,sexist sexism infidelity bachelor
336,car envelope of money knocked unconscious fbi federal bureau of investigation
337,brother brother relationship mental illness eccentricity sexual fantasy
338,los angeles california 1990s surname as title dysfunctional family
339,museum natural history museum news reporter reporter
340,1970s adult entertainment industry adult filmmaking pornography
341,half sister latex gloves medicine nun
342,animated title sequence spy spoof hitman american in the uk
343,alien ellen ripley character female android sucked through an opening
344,preacher louisiana texas minister
345,death character whoremonger man wears eyeglasses sex comedy
346,bail bondsman multiple perspectives character name as title dead body in a car trunk
347,satire scandal political corruption political conspiracy
348,police officer killed psychopath psycho thriller terminal illness
349,reference to swamp thing rogue cop renegade cop movie flop
350,detective fallen angel murder murder of a police officer
351,sex scene archangel gabriel co written by director dry cleaner
352,trash movie female stereotype pop singer celebrity
353,creature feature ocean hijacker tentacle
354,No keyword found..
355,bottom of the ocean hallucination biologist marine biologist
356,district attorney reference to led zeppelin lawyer client relationship female lawyer
357,tragicomedy native american mental illness nurse
358,based on comic book child gagged devil hell
359,No keyword found.
360,tract house levittown independent filmSee All (4)
361,female nudity frame up reference to donald trump warner bros.
362,car chase release from prison blues music sequel with unusual number
363,death in title two word title universal universal pictures
364,kidnapping caught masturbating fictional country slapstick comedy
365,electricity loneliness bully spoon
366,ex marine pregnancy high school principal reference to dylan thomas
367,girl wears a miniskirt short skirt girl wears a short skirt virgin
368,bio dome experiment biosphere slapstick comedy
369,embarrassment political campaign slapstick comedy politics
370,servant laboratory butler 19th century
371,love farm photographer housewife
372,gay priest new york city gay lead character gay kiss
373,cult film judge police police brutality
374,fake mustache warrioress prehistory sharpening a knife
375,lap dancing striptease female nudity sex in a swimming pool
376,Romance
377,obesity bare chested male obese boy fat joke
378,girl remake parade court
379,No keyword found..
380,half human half alien empath human alien hybrid captain
381,female protagonist dysfunctional family wanting to marry friendship between women
382,drag bus desert drag queen
383,No keyword found..
384,absurd comedy sexual humor high school hit in the crotch
385,spy secret mission remake tango
386,baby brother brother brother relationship husband wife relationship baby son
387,Short
388,murder of a police officer shooting a police officer detroit michigan
389,character name as title warner bros. colt 1870s
390,los angeles california music industry fake documentary south central los angeles
391,betrayal parallel universe hero villain
392,disfigured face directed by star coming of age disfigurement
393,profanity birthday wild party petting zoo
394,radio station manager reference to rudy vallee dressing room reference to bing crosby
395,rabbi castle king sheriff
396,serial killer middle class family dysfunctional family revenge killing spree
397,river pittsburgh pennsylvania grudge uncle nephew relationship
398,dinosaur italian american based on video game super mario bros. characters
399,Short
400,Comedy
401,1970s high school remake 8 track
402,death blood film blanc invisibility
403,batman character dc comics joker character criminal
404,cricket the insect puppet famous score underwater scene
405,betrayal ethan hunt character murder based on tv show
406,pantyhose psychological thriller overweight fat man
407,spy hero parody james bond spoof spoof title
408,dog animal that acts human knitting sheep
409,character name as title disney elementary school boy
410,amish on the road private bowling alley sexy woman
411,No keyword found..
412,bikini dental braces culture clash 1990s
413,vampire bisexual vampire black comedy prostitute
414,male bonding chauffeur stuffed animal balcony
415,blockbuster fruit in title four word title first part
416,puppy rabies raccoon wolf
417,No keyword found..
418,glass slipper 2d animation 17th century france
419,nanny magic live action animated hybrid banker
420,rabbit cat dream cheshire cat
421,cigarette smoking mixed martial arts stylized violence pistol
422,scene after end credits surprise after end credits aladdin thieves
423,empathy extraterrestrial bicycle alien
424,reference to charles manson corn cult film fourth part
425,election campaign satire mockumentary fake documentary
426,megatron character weapons fire robotic animal bozo as epithet
427,lawyer false accusation based on novel small town
428,existentialism older woman younger man relationship funeral coming of age
429,alien military earth scientist
430,satire political satire slapstick comedy farce
431,scotland swordsman cult film katana
432,disney mouse orchestra apprentice
433,clique high school suicide sociopath
434,cult film electronic music score famous score spaceship
435,bolivia fast draw bank robbery outlaw gang
436,college student american nurse full moon
437,demonic possession sex scene woman on top female frontal nudity
438,ghost car accident journalist basement
439,topless female nudity mirror hanged girl supernatural power
440,incest breasts wife abuse panties
441,telephone attic yard sale exorcism
442,nail gun psychic basement pain medication
443,Horror
444,No keyword found..
445,No keyword found..
446,obsession summer vacation old house house
447,prank high school prom bad mother female protagonist
448,No keyword found..
449,leonard mccoy character montgomery scott character james t. kirk character nyota uhura character
450,male alien pavel chekov character spock character sarek character
451,cheerleader uniform high school boyfriend girlfriend relationship automobile racing
452,giant shark amphibious helicopter watercraft amphibious aircraft
453,orlando florida orlando florida orange county florida
454,sexual assault pedophile rape title spoken by character
455,fourth part cia central intelligence agency hero australia
456,ninja ship wreck murder japan
457,animal character name in title willy the whale character whaler ship
458,american politics year 1972 year 1973 alcoholic drink
459,racial tension apartheid south africa remake
460,No keyword found.
461,cigarette smoking death of wife year 1990 summer
462,food male frontal nudity marriage love
463,f rated boy nudity fishing village coastal town
464,professor actor anton chekhov second wife
465,No keyword found.
466,vietnam war veteran hitman texan wyoming
467,italian american father son relationship year 1960 burnt body
468,motivation college football notre dame fighting irish football movie
469,waitress destruction of property female pubic hair female full frontal nudity
470,two gun holster double gun holster tucson arizona benson arizona
471,military life bravery f rated vietnam war veteran
472,king knight human dragon relationship england
473,real person becomes animated child labor child slavery live action and animation
474,u.s. president bodily fluids nuclear holocaust nuclear weapons
475,drug culture filthy toilet scotland heroin addict
476,90s friendship between women three friends fashionable girls
477,library anger woman wears eyeglasses good versus evil
478,Mystery
479,vertigo 1950s acrophobia san francisco bay
480,fugitive on the run mistaken identity mount rushmore
481,crude humor slapstick comedy anti hero female protagonist
482,comedy of errors 1920s disguise all girl band
483,love triangle casablanca morocco anti nazi french morocco
484,No keyword found..
485,1910s class differences class prejudice remake
486,love one word title voice over narration fashion
487,italy poker game princess american
488,narrated from the grave butler madness recluse
489,wine german wine cellar nazi
490,southern france thief burglar french riviera
491,little john character king john character robin hood character king richard lionheart character
492,brother versus brother salinas california abandoned by mother jealousy
493,Family Horror Sci-Fi
494,newspaper editor newspaper mayor journalist
495,race against time victorian era based on novel englishman abroad
496,small town life christmas alternate history second chance
497,mistaken identity banter scaffolding infatuation
498,No keyword found..
499,husband wife relationship homosexuality based on play ex football player
500,tuba guitar goose canada
501,elephant stork mother son relationship florida
502,political satire dictator latin america revolution
503,california democratic party political rally father son relationship
504,1930s gang on the run doomed love
505,murder tennis player love letter key
506,teen angst coming of age playing chicken knife fight
507,mental illness sister sister relationship histrionic personality disorder brother in law sister in law relationship
508,lawyer female nudity female frontal nudity 1st amendment
509,british renaissance younger version of character disability foot
510,remake industrialist bounty hunter gunfighter
511,arab bedouin ottoman empire british military
512,library inner monologue mortality film set
513,betrayal faking one's death rubble film american abroad
514,neurosis character name in title jew long take
515,war at sea claustrophobic setting sonar submarine captain
516,helicopter kiss seal the animal stargazing
517,17 year old teenage girl love triangle central park manhattan new york city
518,loyalty organized crime betrayal character's point of view camera shot
519,sierra madre mountains national film registry afi year 1925
520,prisoner of war camp prisoner of war escaped prisoner of war war crime
521,russian roulette vietnam war veteran psychic disorder
522,swamp prison pimp escape from prison
523,fugitive bet hard boiled egg running away
524,No keyword found..
525,bookstore philip marlowe character reference to peter pan murder
526,whip person on fire baldness talking to a horse
527,peace surname as title independence hindu
528,No keyword found..
529,reference to laika smaland sweden walking on train tracks peeping tom
530,19th century imperialism execution epic
531,pianist australia abuse mental institution
532,massage folk dancing spitting on someone woman with a bare midriff
533,letter party thanksgiving station wagon
534,man tied up hogtied traveller irish traveller
535,apartment revenge motorcycle telescope
536,bereavement grief child's point of view character name as title
537,male hustler narcolepsy street life portland oregon
538,russian revolution russia amnesia princess
539,No keyword found..
540,new year's eve subway station pretending to be drunk ticket booth
541,campy evil man villain woman breaks a man's neck
542,disobedience pocahontas character captain john smith character pet raccoon
543,No keyword found..
544,contract killer one last job gangster redemption
545,yellow eyes african american brooklyn new york city heart ripped out
546,good versus evil evil man villain hero
547,murderer death by poison murder by poison thallium poisoning
548,cult film playing guitar new kid in school destruction
549,highlands 18th century flintlock pistol flintlock rifle
550,time bomb good versus evil motor car weapon
551,private detective magician cult illusionist
552,sex with an alien woman seduction sexual desire sexual attraction
553,1940s aftermath of world war ii war aftermath helping someone
554,post apocalypse swimming global warming tomato
555,alternate reality alternate history dystopia title based on poem
556,two gun holster gun holster gun holster
557,male protagonist secret brother castrates brother italy
558,sex with a minor teenage crush orgy scantily clad female
559,No keyword found..
560,sword and sorcery kicked in the groin comic violence laser
561,remake elizabeth frankenstein character doctor victor frankenstein character head transplant
562,No keyword found..
563,psychic gifted child englishman abroad 1990s
564,killer doll civil rights activist murder cover up horror host
565,small town alien life form paranormal phenomena world domination
566,good versus evil drugs colombia colombian drug cartel
567,elm street famous director as himself alternate reality cult film
568,bomb time bomb public transport police
569,manhattan new york city publisher sense of smell bradbury building
570,arizona territory arizona reference to arizona reference to tombstone arizona
571,witness surveillance panties bound and gagged
572,irish vomiting classical music sex scene
573,remake of remake alien race alien contact anti conformity
574,captive woman unrequited love obsession bare chested male
575,treasure sequel male bonding older brother younger brother relationship
576,bill rope fraud bullet
577,spock character interspecies romance james t. kirk character alien
578,totalitarianism censorship cyberpunk cryonics
579,blonde brunette bathtub adultery
580,welsh people scientific expedition welsh valleys coal mining
581,journalist brutality shooting a policewoman hairy chest
582,adultery piano mute woman f rated
583,sexy woman bare butt female rear nudity blonde
584,Mystery
585,frog farm college thanksgiving
586,ejector seat murder of a woman wisecrack humor dead body in a car trunk
587,breast 15th century period drama male frontal nudity
588,rose castle fairy tale chauvinism
589,yuma territorial prison shoulder holster arizona territory yaqui indian
590,sequel puzzle box outer space heart in hand
591,murder trial courtroom stuttering amnesia
592,catholic school case teenage girl murder
593,wehrmacht year 1943 year 1942 machine gun
594,hallucination thirty something domineering mother waitress
595,No keyword found..
596,bound and gagged disney acid sequence star died before release baby boy
597,rogue agent treason railgun x ray vision
598,female nudity independent filmSee All (3)
599,die hard scenario police shootout cult film explosion
600,striptease female rear nudity female nudity stranded on an island
601,deception fascism year 1937 spain
602,War
603,voyeur apartment amateur detective urban setting
604,reporter spoiled brat haystack father daughter relationship
605,boy next door turn of the century telephone call streetcar
606,wench theater meta film based on short story
607,castle shipwreck costume party house fire
608,dream sequence post traumatic stress disorder guilt complex psychic
609,stress gift dream church
610,singing singer paris france ennui
611,portrait painting police detective multiple suspects investigation
612,skinny dipping swimming national film registry psychotronic film
613,class differences great depression homelessness based on novel
614,epic texas oil rivalry
615,macguffin false accusation female spy hotel
616,basement cemetery running out of gas night of the living dead
617,nightclub singer nightclub female corrupts male unrequited love
618,fair beauty queen love triangle small town
619,doctor neo noir based on novel homeless man
620,attorney racist death row ku klux klan
621,davy crockett character seven word title bayonet charge bayonet fight
622,survival stranded on an island tropical island paradise remake
623,remake foster home friendship between boys boy
624,No keyword found..
625,sword owl orphan castle
626,1900s nightshirt family relationships county fair
627,jerusalem israel england modern minstrel balladeer
628,sexual abuse rape kicked in the crotch gang rape
629,gender disguise nightclub singer cabaret
630,No keyword found..
631,No keyword found..
632,aspiring writer concentration camp holocaust phone ringing
633,tv mini series classic story london england based on novella
634,meadow spider insect slow motion
635,reference to john carpenter reference to janet leighSee All (3)
636,urban decay manhattan new york city violence blood
637,No keyword found..
638,village husband wife relationship identity theft 1550s
639,boy nazi uniform subjective camera surrogate uncle
640,restaurant allegory gangster food
641,military officer rifle world war one french soldier
642,femme fatale mother son relationship con older woman younger man relationship
643,title directed by female savant police detective murder
644,Short
645,new queer cinema new york city piers ball ambition
646,woman in bathtub widow former prostitute railway station
647,castle samurai thirst for power struggle for power
648,ireland rural setting brother sister relationship national film registry
649,police corruption pig doggystyle sex bacon
650,death personified death chess medieval times
651,american civil war black soldier military uniform soldier
652,dialogue driven title based on shakespeare shakespeare's hamlet based on play
653,murder brothel drugs corruption
654,police private detective femme fatale detective
655,childhood coming of age film walking on train tracks summertime
656,loss of daughter psychopath investigation organized crime
657,brainwashed assassin mother son relationship george washington character abraham lincoln character
658,pirate radio radio host four word title f word
659,reference to theodore roosevelt illegitimate son cult favorite eccentricity
660,domestic violence strong female friendship alabama
661,brawl quick draw morality beating
662,time travel time travel romance psychotronic film period drama
663,gardener washington d.c. politics wealth
664,desert texas wandering mute
665,reference to ellen ripley ellen ripley characterSee All (3)
666,servant italy vampire blood
667,hare krishna girl in a notably short outfit girl in school uniform knee socks
668,No keyword found..
669,literature on screen european literature on screen french literature on screen family relationships
670,remake of remake alien race alien contact anti conformity
671,No keyword found..
672,mirror hook for a hand urban legend secret passage
673,family in jeopardy small town stalking psychopath
674,sexuality panther human sacrifice female pubic hair
675,gothic self sacrifice expressionism monster
676,witch hunt salem witch trial false accusation witch
677,u.s. army world war two independent filmSee All (4)
678,lava bomb firefighter fire truck 1990s
679,cult warlord cult film eating human flesh
680,kull the conqueror character protohistory movie flop king
681,wishmaster demon first of series security guard
682,taking a shower teenage girl overalls bikini
683,slapstick comedy mars the planet psychotronic film male protagonist
684,second chance firearm assassin assassination
685,survival stealth plane mission disaster film
686,anti hero 1960s child uses a gun child with a gun
687,island terrorist captain ice cream
688,four word title 1990s school football
689,scantily clad female bikini man with no name gun for hire
690,dalai lama based on real person 20th century 1940s
691,alien race memory experiment beach
692,reference to martin van buren president speechwriter bouquet
693,casino gambling gangster exploding car
694,captain's cabin water sister sidewalk
695,pantyhose slacker beer drinking independent film
696,trailer tv spot columbia tristar home video final scene
697,childhood friend student athlete basketball friend
698,cricket the sport firework latin language language teacher
699,f rated female protagonist reference to william shakespeare husband wife relationship
700,fiance fiancee relationship dysfunctional marriage wedding marriage proposal
701,female film director as character female film director woman director reference to leni riefenstahl
702,reference to afl cio ant analogy old testament uso bombing
703,gossip feud spinster sting operation
704,chilean coup d'etat oppression family saga class conflict
705,1920s film within a film femme fatale hollywood california
706,dog transformation single mother german shepherd
707,retreat socialite friendship holiday
708,therapist sister sister relationship sexuality talking about sex
709,caricature mockery fake documentary segment ugly duckling
710,woman wears eyeglasses attempted suicide bedroom bed
711,No keyword found.
712,car car accident 1960s competing businesses
713,columbia tristar columbia tristar home video scheme lieutenant
714,gay rape f rated character name as title
715,new hampshire television coitus copulation
716,gay sibling female protagonist dysfunctional family gay interest
717,bare breasts breasts sex scene female frontal nudity
718,No keyword found..
719,the white house united states president canada
720,love triangle romantic drama arthurian legend king arthur character
721,jay and silent bob mini dress blonde white panties
722,bad dream close up of eyes close up of lips close up of mouth
723,female protagonist terminal illness domestic violence abusive boyfriend
724,pregnancy 1950s ireland catholic
725,bdsm spanking los angeles police department sex scene
726,cartoon on tv close up of eye united states usa
727,biograph choral choral music choral recitative
728,man wears eyeglasses biotechnology chimpanzee experimental drug
729,f rated character name as title speech cartoon on tv
730,french history protestant massacre king
731,repetition in title title based on song single father interracial romance
732,doppelganger the white house president first lady
733,all female crew african american black american female professor
734,monkey hospital beer pizza
735,city name in title listening to opera lawyer gay
736,marriage 1950s honesty train
737,nude modeling female exhibitionist clothed female naked male female removes her clothes
738,roommate kissing breasts sex scene dormitory
739,falling in love with a prostitute prostitute american prostitute hooker
740,aunt teacher boarding school governess
741,No keyword found..
742,united states of america usa united states ransom
743,cringe comedy weird post punk psychotronic film
744,civil unrest irish civil war 1920s soldier
745,mustache in soup bestiality literature on screen european literature on screen
746,secret door high school pool party science fair
747,sibling love poker mechanic
748,cranberry close up of eyes cold fusion fusion
749,three word titleSee All (2)
750,slave ship escape from slavery male full frontal nudity based on true story
751,official james bond series 007 media tycoon world war three
752,sniper rifle passport forger police
753,year 1936 soviet citizen nkvd uniform
754,female full rear nudity assassination attempt color in title searching for the truth
755,adventurer fight game year 1995
756,doberman dog mansion basketball
757,donald trump 3d immigrant 11 year old
758,gender in title numbered sequel low budget sci fi movie computer
759,spy based on novel woman in jeopardy male rear nudity
760,matte painting miniature model shakespearean quotation 2070s
761,conservatism vigilantism character repeats someone else's dialogue dark comedy
762,skank loves knows no age boundaries lolita bangs
763,golf course reference to david hasselhoff censored profanity unpaid taxes
764,roommate new york city lingerie slip suicide attempt
765,african american protagonist sex scene premarital sex yuppie
766,centerfold contest date photograph
767,No keyword found..
768,mansion spirit friendly ghost maine
769,lost city gorilla diamond talking gorilla
770,jazz club private detective missing person jazz music
771,virtual reality cyberspace erased memory based on story
772,rape swimming in underwear sexual abuse first time sex
773,chase russian mafia cult film snuff movie
774,scene of the crime heaven profanity porn magazine
775,female protagonist reconciliation scandal horse breeder
776,drifter dog baseball flying boy
777,monster blind girl sex scene disfigurement
778,sex scene attempted suicide character name as title don juan
779,parachute skydiving death of brother detective
780,No keyword found..
781,plant cutting frenchman blonde infidelity
782,face slap assassin russian mafia birthday
783,boy school classroom female reproductive system
784,drug suicide hallucination serial killer
785,sister in law trip soul mate telephone call
786,No keyword found.
787,doctor roommate social worker vegetarian
788,psychological death two word title therapist
789,No keyword found.
790,nickname as title reference to buddy hackett road movie zodiac sign
791,blowing out a candle examination club the organization downpour
792,playwright play bodyguard rehearsal
793,bully argument birthday visit
794,generosity lottery waitress winning the lottery
795,head of security mansion gardening eavesdropping
796,insomnia new mexico plagiarism bear cub
797,cult film based on comic female full frontal nudity husband wife relationship
798,male frontal nudity male full frontal nudity pubic hair male pubic hair
799,gay love trojan war claymation stop motion animation
800,h.p. lovecraft madness parallel dimension ghost town
801,college basketball africa athletic scout basketball movie
802,gangster organized crime mercenary money
803,female protagonist vietnam war crime culture clash
804,vigilante actor reference to radio shack sony watchman
805,cheap hotel dead body in elevator reference to warren comission reference to orson welles
806,african american family hood gang violence bloody violence
807,poetry poet ghetto urban setting
808,united states college football durham north carolina sports team
809,murder of a prostitute business executive murder investigation ex police captain
810,No keyword found..
811,glenn gould no opening credits yehudi menuhin northern canada
812,harbor master seal the animal year 1962 small town
813,No keyword found.
814,jazz esquire magazine f rated manhattan new york city
815,one day single mother reporter new york city
816,stabbing a woman five word title color in title blonde
817,male pubic hair male nudity nudity male frontal nudity
818,close up of mouth want ad black woman wears red lingerie
819,limousine driver new york city horse car radio
820,micheal jordan character baseball ball bowling ball volleyball ball
821,train compartment hospital wedding murder
822,marriage love happiness divorce
823,murder military 1950s breasts
824,No keyword found..
825,conspiracy alien invasion broadcast signal intrusion oasis in the arctic
826,No keyword found..
827,electronic music score blowout pistol director cameo
828,rifle arcade game airplane crash eagle
829,massage parlor hitman death of girlfriend stone mountain
830,No keyword found..
831,dystopia machismo electromagnetic pulse political corruption
832,character name as title magician imaginary friend circus
833,prisoner escort woman on top manhunt oral sex
834,slasher good versus evil slasher flick serial killer
835,black and white black and white film based on broadway musical 1930s
836,playboy envoy defector communism
837,suicide female reporter typewriter fired from the job
838,No keyword found.
839,No keyword found..
840,neo noir gang warfare bar shootout 1930s
841,scene of the crime serial killer murder partner
842,disability character name as title pollyanna character kiss
843,No keyword found..
844,15 year old trailer park police school
845,pennsylvania what happened to epilogue one hit wonder directed by star
846,widower obsessive love based on play legs
847,interview rehearsal playwright talent
848,stolen jewelry philip marlowe character man wears an undershirt hypodermic needle
849,motor vehicle motor car cool vehicle
850,triple f rated arab saudi arabia title directed by female
851,Drama Mystery
852,u.s. soldier u.s. marine trauma surrealism
853,atari jaguar cd playstation sega saturn philips cd i
854,sheep camp title mentioned in song intense violence
855,shot to death concert murder moped
856,taxi immigration passenger talks to taxi driver night
857,f rated paris france place name in title city name in title
858,evil doll female nudity killer doll haunted house
859,characters murdered one by one male unzips his zipper april fool's day male underwear
860,musician music industry television television network
861,No keyword found..
862,christmas movie action figure postman santa claus character
863,italy family character name in title child topless woman
864,former president ex president voting results election returns
865,virgin swinging wife swapping sexual awakening
866,archangel michael angel road trip dog
867,No keyword found..
868,Mystery Thriller
869,elvis impersonator columbia tristar columbia tristar home video marriage
870,male objectification male nudity nudity barefoot male
871,airplane singing in a car reference to the beach boys suburb
872,sex cult film ex boyfriend african american
873,yuppie working woman new york city guilt
874,female protagonist primrose hill london reference to sherlock holmes reference to lady godiva
875,protective male underage drinking obsession class differences
876,police murder blood splatter prison bus
877,car trunk father daughter relationship ransom millionaire
878,siamese cat kidnapping teenage girl surveillance
879,Drama
880,sister 1990s food in title family relationships
881,police murder blood splatter prison bus
882,wetting pants simple minded person dead body sex
883,money hall of fame 1960s radio dj
884,interview 1980s neil young 1970s
885,oil quarantine sewer blood splatter
886,hostage kidnapping robot janitor
887,louisiana two word title witchcraft trance
888,breaking the fourth wall gay death of brother terminal illness
889,dance model filmmaker dancing
890,so bad it's good warrior emperor martial arts
891,year 1934 360 degree well camera shot reference to cologne watering a plant
892,disney reference to oklahoma the musical reference to star trek ii the wrath of khan professor
893,fish out of water irs agent dysfunctional marriage embezzlement
894,chicken pox actor shares first name with character silicon valley california silicon valley
895,satire self referential evil woman tough girl
896,suicide attempt attempted suicide ice bloody hand
897,dinosaur time travel independent filmSee All (4)
898,year 2013 worst picture razzie winner character name as title the postman character
899,f rated australia widow scotland
900,dalai lama tibetan slaughter buddha
901,slapstick comedy bloopers during credits fishing robbery
902,nihilism pornographer bowling alley death
903,ex soldier watching television wisecrack humor repair
904,gender cake watching tv the letter x
905,love gulf coast florida lawyer
906,church wager inheritance gambling
907,desert f rated tar pit slow motion
908,male rear nudity bare butt narrated by protagonist cleaner as protagonist
909,courtesan inquisition coitus nudity
910,drugs working class c word wife abuse
911,breasts female frontal nudity female nudity nude swimming
912,firearms training arrest warrant intel u.s. marshals service
913,columbia tristar home video lions gate films actor obsession
914,female frontal nudity taboo sex sex with a student lesbian kiss
915,based on novel candidate president election
916,robot alien sabotage scientist
917,child in danger autism assassin 9 year old
918,woman wears eyeglasses barefoot male man in a shower male objectification
919,underwater scene children dream aging
920,old man suicide by hanging great depression cinema
921,suicide homosexuality theater japanese occupation of china
922,neo noir arthouse wanted poster shot with an arrow
923,power struggle tradition red lantern china
924,squall storm male bonding acrophobia
925,implanted memory corpse morgue naked corpse
926,cook electrician sonar operator female naval officer
927,female stockinged feet pantyhose mother daughter relationship slice of life
928,witchcraft 1990s invocation bewitched
929,indiscretion shunning retaliation writer
930,on the run cold fusion die hard scenario outrunning explosion
931,Talk-Show
932,kidnapping president secret service secret service agent
933,blood splatter sex in bed new york city violence
934,No keyword found..
935,prison island singapore prison camp
936,reference to margaret thatcher bare chested male band hope
937,iowa jealousy disinheritance domineering father
938,fertility clinic mortician elevator wanting a baby
939,solitary confinement prison rookie inmate
940,air duct swat team gun prison
941,homeless man college student friendship unlikely friendship
942,african american woman 1980s african american protagonist female protagonist
943,No keyword found..
944,basic training u.s. army unemployment teacher student relationship
945,assumed identity reference to william shakespeare deception murder
946,father figure escape adoption animal protagonist
947,dolphin sea passion free diver
948,micro mini sex in a hospital bed garter belt two word title
949,triple f rated title directed by female love marriage
950,sex in bed female rear nudity female frontal nudity female nudity
951,five word title child protagonist miniature person miniaturization
952,topless female nudity husband wife relationship cigar smoking cigarette smoking
953,terminal illness based on memoir eccentricity hotel
954,one word title fashion runway modeling high heels
955,train tourist kiss french
956,father son relationship small town independent film based on novel
957,boy chinese restaurant ancestry cultural differences
958,No keyword found..
959,tattooed trash girl with a bare midriff slim waist high school
960,rough sex existentialism male frontal nudity voyeurism
961,No keyword found.
962,watching tv f rated resort town florida
963,sexist cross dresser precursor to motion picture nudity
964,villa switzerland nanny lake
965,fashion fashion designer man slaps a woman man kisses a woman's hand
966,rendezvous at top of empire state building 1950s 50s port
967,bullying dirt in mouth best friend biting an ankle
968,horse riding shooting into the air shooting a bird in flight kiss on both cheeks
969,1960s animal character name in title half dressed cartoon animal barefoot cartoon animal
970,bottomless well wrecking ball widow whistling
971,donkey escapism painting church
972,bayou physical therapy homecare nurse paraplegic
973,concert film independent filmSee All (3)
974,vigilante rape and murder rape of a minor pantyhosed leg
975,teenage girl bikini blue eyes blonde
976,android artificial intelligence super strength jungle
977,teacher high school teacher high school drugs
978,villainess female full frontal nudity old flame orphan
979,No keyword found..
980,reference to franklin d. roosevelt american spy germany
981,girl in panties witch doctor short skirt bong
982,sex scene twin russian mafia fistfight
983,detective interrogation death of husband suspect
984,political conspiracy political thriller corruption on the run
985,No keyword found..
986,pilot shootout stewardess fear
987,No keyword found.
988,beautician female protagonist mistaken identity fish out of water
989,cat hollywood child star spoiled brat
990,anna karenina character saint petersburg russia count divorce
991,stripper based on novel neo noir city name in title
992,tied to a chair gagged with a lime bound and gagged cement shoes
993,olympus satyr hero titan
994,hollywood california stealing a car neal cassady character reference to jack kerouac
995,pizza gay kiss basketball gay roommate
996,texas fast motion sports team soccer
997,dysfunctional family avanti hunting drug abuse
998,ship stop motion animation profanity child played by adult
999,court investigation venice beach california motorized wheelchair
1000,interracial friendship hooker with heart of gold wild west monument valley
1001,garbage paranoia warehouse arms deal
1002,reference to it chapter two reference to john leguizamo reference to super mario bros reference to steve martin
1003,siamese cat kidnapping teenage girl surveillance
1004,apache territory chiricahua apache scout revisionist western
1005,No keyword found..
1006,bank robber dream australia national security
1007,eyeglasses cringe comedy columbia tristar missouri
1008,misandry shooting feminist feminism
1009,skinny dipping sex scene hand under skirt white panties
1010,dreadlocks african american character name as title artistic creation
1011,breasts female removes her clothes female nudity scantily clad female
1012,public nudity pubic hair female pubic hair female full frontal nudity
1013,anaconda no panties snake in title reference to joan of arc
1014,learning the truth character names in title forenames in title arizona
1015,No keyword found..
1016,usa united states convict escape
1017,drinking drunk drink alcoholic drink
1018,masturbation with a toy pantyhose female full rear nudity tied up while barefoot
1019,hitman gunfight police 1980s
1020,london england manipulative person gaslighting fear of one's husband
1021,No keyword found..
1022,lion topiary cult film eccentric
1023,road movie odd couple remake of french film remake
1024,love friendship between girls female friendship friendship
1025,toxic waste fbi agent undercover small town
1026,independent filmSee All (2)
1027,kickboxing judo cia central intelligence agency agent
1028,lake neighbor rivalry minnesota
1029,dog court hotel mother son relationship
1030,rags to riches millionaire nouveau riche 1960s
1031,human dog relationship animal character name as title boy girl
1032,metrodome minneapolis columbia tristar columbia tristar home video minnesota twins
1033,talking cat lost dog lost cat san francisco california
1034,No keyword found..
1035,product placement canada runner beard
1036,emotional manipulation bedtime story domineering mother adulterous husband
1037,year 1961 sequel title directed by female cult film
1038,framed for murder villain car accident fbi agent
1039,ghost gertrude character ophelia character horatio character
1040,painting island thief voyeur
1041,basketball city name in title american abroad directed by star
1042,murder florida prison interview african american
1043,boy girl dog pet dog
1044,pregnancy one day journalist newspaper editor
1045,plane crash pancake allergic reaction taxi
1046,serial killer neo noir femme fatale woman on top
1047,husband wife relationship yuppie scientist male protagonist
1048,love irish american written and directed by cast member new york city
1049,motherhood police officer house arrest basement
1050,based on novel character name in title dropping a glass milk
1051,detective inspector investigator police co worker
1052,vampire 19th century insane asylum 1890s
1053,year 1991 1990s year 1970 coming of age
1054,single woman television studio stalker possessive love
1055,gold secret miser baby
1056,No keyword found..
1057,pallbearer funeral directorial debut bachelor party
1058,awards show number in titleSee All (3)
1059,parody grandmother cult film killed on birthday
1060,child turning into animal pinocchio character transformation human becoming an animal
1061,female protagonist death family relationships sequel to best picture winner
1062,military dictatorship oppression operation condor brazilian military dictatorship
1063,father daughter relationship orphan based on novel abuse
1064,hate crime beating beaten to death investigation
1065,experimental film television demolition building
1066,nome alaska alaska children iditarod
1067,caper dark comedy motel escapade
1068,No keyword found..
1069,new york city nun amnesia pantyhose
1070,looking at oneself in a mirror 1990s filmmaking filmmaker
1071,title directed by female triple f rated library party
1072,No keyword found.
1073,male full frontal nudity psycho thriller man hits a woman man wears eyeglasses
1074,depression houston texas texas nipples visible through clothing
1075,theatre ireland gay 1960s
1076,thunder lightning bicycle bike
1077,1990s shot to death blood splatter stabbed in the hand
1078,tragedy song anthropomorphic animal car chase
1079,rock band new york city apartment singing
1080,No keyword found.
1081,psychotronic film scene of the crime serial murder death
1082,lesbian triple f rated legs leggy woman
1083,alliance atlantis police bar hostage
1084,1940s 1930s soldier hiding a jew
1085,bare chested male kissing while having sex farm lust
1086,waxing a floor waxed floor naked man in sauna dance floor
1087,torture opening action scene chop socky beating
1088,car explosion two word title time bomb man murders a woman
1089,bomb teenage girl character repeating someone else's dialogue hand grenade
1090,voyeurism hidden camera erotic thriller spying on couple having sex
1091,combined animation and live action psychotronic film 2d animation traditional animation
1092,child reference to elvis presley letter money
1093,breasts spanking lesbian kiss tryst
1094,sex comedy revenge dating african american
1095,high school dedicated teacher spoof nail gun
1096,new york city reporter hurricane ten commandments
1097,arab gun ghetto hate
1098,husband wife relationship overalls dysfunctional family truck
1099,fireworks yellow river teenage girl shanxi china
1100,loft apartment minimal cast based on play punctuation in title
1101,urban setting satire new york city based on play
1102,No keyword found..
1103,tv set broken tv loss of job bathroom
1104,No keyword found..
1105,firestorm wyoming disguise impersonating someone
1106,train brother brother relationship explosive crime spree
1107,escape dictatorship doctor travel
1108,cobbler the shoemaker shoe 19th century england
1109,minimal cast single set production revenge rape and revenge
1110,tank 21st century 2030s female protagonist
1111,chinese canadian title directed by female actress canadian
1112,male full frontal nudity baseball movie based on article based on true story
1113,female nudity loveless marriage writer algonquin round table
1114,female protagonist kitchen flashback bathtub
1115,love servant fool shipwreck
1116,secret identity romantic rivalry national film registry held at swordpoint
1117,pablo picasso mistress painting painter
1118,cheech and chong stoner comedy vietnam war veteran low budget film
1119,teen movie best friend love triangle female drummer
1120,socialist old jewish man old african american man building superintendent
1121,love shop military service auto mechanic
1122,boxing mistaken identity accidental death arizona territory
1123,self destructiveness writer reporter unrequited love
1124,blockbuster nurse ambulance driver hairy chest
1125,No keyword found..
1126,intern photocopy reference to ron howard defecation
1127,simulated reality fictional reality show controlled environment deception
1128,prostitution character name in titleSee All (3)
1129,spoken inner thoughts drug smuggling expiration date canned food
1130,american society for the prevention of cruelty to animals park actor planet in title
1131,housewife allergy female protagonist chronic illness
1132,elopement motel framed for murder presumed dead
1133,escape mind reading orphan magical power
1134,bus march million man march religion
1135,rock band lyrics concert west coast
1136,racial tension columbia tristar columbia tristar home video trial
1137,council estate balcony sexual attraction gay crush
1138,bare chested male male underwear briefs white briefs
1139,computer cyberpunk hacker fight the system
1140,No keyword found..
1141,on the road campaign presidential campaign president
1142,africa zaire boxing african american
1143,forename as title one word title down on one's luck debt
1144,song seven year old vow of silence female protagonist
1145,basketball athlete college sports college basketball
1146,handcuffed man ciro's nightclub hollywood summer hollywood
1147,prison hood marriage 1950s
1148,forenames as title period drama 1930s writer
1149,australian outback australian aborigine australia coming of age
1150,death lawyer murder rural setting
1151,1990s electronic music score psychotronic film social decay
1152,platonic love war hospital trench driver
1153,No keyword found..
1154,french new wave surrealism neo noir absurdism
1155,rendezvous cafe swedish park
1156,money bicycle taxi drugs paint on face
1157,museum human versus monster police sergeant giant bug
1158,boyfriend girlfriend relationship hotel paris france france
1159,writer professor ringing phone phone ringing
1160,nudity swimming male nudity homosexual
1161,red panties dysfunctional family underwear sexual harassment
1162,beach bikini volleyball obesity
1163,period drama american art girl
1164,dolphin dog single parent love
1165,close up of lips close up of mouth warner bros. male protagonist
1166,dominatrix gay sex lesbianism
1167,australia approving father homosexual son breaking the fourth wall
1168,nonlinear timeline buddhist seattle washington buddhism
1169,urban setting african american drug dealing drug lord
1170,mother son incest masturbation three word title jumping off cliff
1171,homosexual mutual masturbation idealism feminism
1172,History
1173,rape victim sex vagina bare breasts
1174,shower panties nipples cunnilingus
1175,victim spanish music dancing dancer
1176,sarajevo orphanage england bosnian war
1177,air duct hotel owner concierge vacation
1178,No keyword found..
1179,threat divorcee single mother district attorney
1180,rivalry whistleblower journalism neo screwball comedy
1181,african american los angeles california femme fatale pretending to be gay
1182,vampire costume detective dysfunctional family counterfeiting
1183,buddy comedy reference to new mexico reference to arizona arizona territory
1184,No keyword found..
1185,u.s. military shaved head head shaving fish out of water
1186,vacation teenager marriage martha's vineyard
1187,Short
1188,cult favorite numbered sequel town rifle
1189,oregon long distance runner runner olympics
1190,sex in a car honeymoon elopement writer
1191,death row governor written and directed by cast member stripper
1192,No keyword found..
1193,brother brother incest violence monk albanian
1194,new zealand maori gang gang violence
1195,communist friendship gay chocolate
1196,nudity jealousy violence aids
1197,matriarch childbirth arkansas biracial
1198,vacation money betrayal corpse
1199,Talk-Show
1200,british india 19th century lama spy
1201,movie actress german woman female singer five word title
1202,homosexual male nudity male objectification bare chested male
1203,tap dancing based on play flirting marriage
1204,world war two poland polish resistance reference to william shakespeare
1205,No keyword found..
1206,character names as title surnames as title police writer
1207,murder of a nude woman panties pulled down breasts female rear nudity
1208,witness protection cocaine undercover tears
1209,christmas veterinarian christmas eve remake of french film
1210,android los angeles police department artificial intelligence terrorist
1211,army military base daughter alabama
1212,witness to murder father son relationship murder of a family son of murderer falls in love with daughter of murder victim
1213,foot closeup camera shot of feet pantyhose nude pantyhose
1214,female nudity bare breasts erotic asphyxiation sexual satisfaction
1215,female frontal nudity rottweiler female nudity masochist
1216,female nudity female pubic hair necrophilia female full frontal nudity
1217,rival assassination computer hacker limousine
1218,hat drug user drug drugs
1219,Family Horror Sci-Fi
1220,lesbian anger sex scene destroying a room
1221,airline pilot alcoholism self centeredness jealousy
1222,manhunt suspense boxing match lost
1223,epilepsy seizure kiss friendship
1224,major league baseball airport new york city father son relationship
1225,independent film character name as title pubic hair reference to pubic hair
1226,metaphoric title manhattan italian american paramount
1227,overalls speech man wears eyeglasses play
1228,time bomb good versus evil man kills a woman global positioning satellite
1229,diary art student lust foreplay
1230,fashion show journalist fashion industry pantyhose
1231,drug lord aikido revolver montage
1232,superstar sex bra removing female nudity
1233,No keyword found..
1234,public nudity elderly woman embarrassing nudity embarrassing male nudity
1235,No keyword found..
1236,cousin cousin relationship unrequited love southern belle secret
1237,undercover cop male dancer male brothel homeless man
1238,gay club gay kiss gay slur gay
1239,pirate treasure map pirate ship sword fight
1240,hacker cyberpunk anime philosophical
1241,No keyword found..
1242,based on novelSee All (2)
1243,vampire tragedy light airplane airplane
1244,chase police officer gunfight violence
1245,murder of a pregnant woman pregnancy buddy cop weird
1246,manhunt fbi agent stupidity rope bridge
1247,prostitute gang rape prostitution brothel
1248,No keyword found..
1249,concierge mistress money deception
1250,neo fascism neo nazism ethnic supremacy ethnocentrism
1251,cooking food woman smokes a cigar cigar smoking
1252,No keyword found..
1253,bound and gagged woman tied up held hostage hanging
1254,buddy film buddy movie slapstick comedy airboat
1255,city interracial love tree planting lover lover relationship
1256,saving the world relativity gravity nasa
1257,wealth vacation urination unhappiness
1258,jury trial con man gambling law
1259,traffic jam traffic helicopter freeway
1260,1870s pregnant wife absinthe gay
1261,No keyword found..
1262,can garden party party lack of money
1263,scantily clad female lesbian kiss kicked in the balls abusive teacher
1264,bare chested male bare chested male bondage male objectification hairy chest
1265,large breasts bare breasts couple having sex while watching another couple have sex couple watching another couple have sex
1266,No keyword found..
1267,jewish american brooklyn bridge reference to rosa parks reference to brooklyn bridge
1268,extramarital affair psycho thriller lesbian kiss sex game
1269,train station hotel suite love lie
1270,reference to a zodiac sign reference to scorpio the astrological sign reference to scorpio the constellation child
1271,video games in office child protagonist divorce based on novel
1272,discussion closeted homosexual interview publisher
1273,psychologist nymphomania sex in a swimming pool sex in shower
1274,christmas robocop character broadcast signal intrusion red wine
1275,interrupted sex seductive flirtatious rake
1276,basketball ball locker room basketball player two word title
1277,bank robber 1990s african american black woman
1278,tejano latin music marriage on tour
1279,bare chested teenage boy barefoot male rattlesnake buddy film
1280,bacon creamy legs leggy chick thin legs
1281,watching tv urination telephone call teenage girl
1282,maid judge wind tragic event
1283,f rated broad as slang for woman cruise brother in law
1284,suspect lie boyfriend girlfriend relationship murder investigation
1285,19th century england fraud gibberish
1286,2000s dance class middle aged couple middle aged man
1287,animal character name as title rookie men's locker room locker room
1288,masturbation male nudity answering machine telephone sex
1289,nanny lawyer homeless man widower
1290,cat based on novel independent filmSee All (4)
1291,kidnapping basketball boston celtics friend
1292,trapped in a mirror girl male fairy godmother magic
1293,young boy child hero cybersuit junkyard
1294,saint petersburg russia writer book freedom
1295,flight attendant beer vomiting lifting a female into the air
1296,ontario canada reunion nostalgia
1297,accident victim disabled person car accident accident
1298,leotard toe shoes f rated ballerina
1299,waitress crying father daughter relationship mother daughter relationship
1300,latex gloves alcoholic father architect brief encounter
1301,military spoof nco american abroad u.s. soldier
1302,high school f rated lesbian mother gay parent
1303,fugitive neo noir one last job suicide by hanging
1304,No keyword found..
1305,education letter teacher ohio
1306,female author blindfolded woman female full frontal nudity husband watching wife have sex
1307,brazilian carmen miranda singer 1940s
1308,party baby shower f rated written and directed by cast member
1309,male pubic hair gay relationship male frontal nudity nude beach
1310,soldier world war two soldier u.s. soldier military
1311,husband wife relationship betrayal mother son relationship f rated
1312,No keyword found..
1313,fake kidnapping scam infidelity extramarital affair
1314,most dangerous game homeless man survival human hunting a human
1315,sex scene female frontal nudity working class female rear nudity
1316,horse trainer horse horse whispererSee All (4)
1317,freedom slave owner law widower
1318,paris france one word title new york city independent film
1319,1940s british renaissance georgia three word title
1320,actress mother daughter relationship widow new mexico
1321,No keyword found..
1322,No keyword found..
1323,based on novelSee All (2)
1324,male nudity male rear nudity amateur filmmakers making a movie
1325,older man younger woman relationship rural setting marriage jealousy
1326,f rated teenager teenage boy riding accident
1327,hare krishna police officer female police officer talking to oneself
1328,lust dictatorship based on novel resistance movement
1329,No keyword found..
1330,card game goose sheep army
1331,klezmer music independent filmSee All (3)
1332,pianist scream sex scene theater
1333,dancing university dance transvestite
1334,male underwear illegal immigrant los angeles california mob boss
1335,loser betrayal robbery junk shop
1336,glass of water rapping wrecking ball mother son relationship
1337,rescued by elephant rescued by an animal elephant master circus elephant
1338,female full frontal nudity power revolution romanian revolution
1339,party lake toy carabinieri
1340,No keyword found..
1341,poet hedd wyn fight eisteddfod
1342,satanism sacred space mystical sign manuscript
1343,new york city blues music blues interracial relationship
1344,No keyword found..
1345,No keyword found..
1346,neo screwball comedy 1990s sitcom single father
1347,tradition social convention mother son relationship death
1348,No keyword found..No keyword found..
1349,inheritance solar eclipse surgery surgical operation
1350,No keyword found.
1351,No keyword found..
1352,asking to be killed perversion jew ex nazi
1353,suntan pantyhose pantyhose dialogue driven urban
1354,film director journalist film festival repetition in title
1355,tuberculosis los alamos reference to copernicus radiation sickness
1356,diner new york city wisconsin mouse
1357,sex female nudity erotica based on novel
1358,evil clown nihilism laughing stand up comedian
1359,cult summer festival grief sweden
1360,male nudity bare chested male male underwear briefs
1361,new york city student filmmaker documentary filmmaking directorial debut
1362,seductive behavior cool man tied up desert
1363,nature narration africa wildlife
1364,Talk-Show
1365,male nudity male rear nudity female nudity skinny dipping
1366,No keyword found..
1367,No keyword found.
1368,two word title f rated suicide artist
1369,No keyword found..
1370,female nudity nudity male frontal nudity musician
1371,survival die hard scenario computer hacker science runs amok
1372,husband wife relationship mother son relationship boy pointing a gun at someone
1373,No keyword found..
1374,love aspiring architect reunion high school reunion
1375,basement corpse brother sister sex female stockinged legs
1376,conservative crude humor governor scandal
1377,party flashback elevator male nudity
1378,independent filmSee All (2)
1379,love triangle sexual reference student medical student
1380,sadist trial secret mother son relationship
1381,flashback traumatic shock brother brother relationship town gossip
1382,france love triangle infidelity carpenter
1383,wolf dog elephant betrayal
1384,female nudity independent filmSee All (3)
1385,train ride tightrope talk to the dead small town
1386,aquarium rooftop telephone conversation experimental film
1387,pubic hair male pubic hair nudity male nudity
1388,wool old woman marriage carpet
1389,courtship friendship writer 1930s
1390,reporter police murder investigation
1391,reference to scheherazade artistic creation grandfather granddaughter relationship child murder
1392,pet bull bull carriage house widow
1393,stripper bachelor party topless female nudity female nudity
1394,immigrant period drama ship servant
1395,smuggling prison new mexico gang
1396,stonewall riots garbage can thrown through a window watching television gay
1397,obsession skeleton limping man love triangle
1398,No keyword found.
1399,basement bed and breakfast house by a lake gun cabinet
1400,f rated japanese in hawaii death loveless marriage
1401,topless female nudity china opera spy
1402,school f rated title directed by female toilet paper
1403,No keyword found..
1404,Short
1405,compilation gay interest sketch comedy youth
1406,teacher scissoring tribadism interracial lesbians
1407,bomb sex scene sex in shower femme fatale
1408,No keyword found..
1409,castle spell witch frog
1410,flashback criminal drug dealer drug overdose
1411,space opera queen future death
1412,No keyword found..
1413,street fighter man punches a woman time bomb woman punches a man
1414,watching tv telephone call reception receptionist
1415,female protagonist fourth part hawk teenage girl
1416,prison prisoner island prison ex soldier
1417,brassiere topless neo nazi white supremacist
1418,No keyword found..
1419,No keyword found..
1420,No keyword found..
1421,hispanic generation x hood single mother
1422,identity swapping film theory twin evil twin
1423,apocalypse comic walking dead zombie
1424,male objectification dance scene tank top title directed by female
1425,topless female nudity barefoot woman actor girl
1426,singer songwriter title directed by female topless female nudity rock band
1427,alcoholics anonymous alcoholism group therapy support group
1428,No keyword found..
1429,twist of fate serendipity parallel time destiny
1430,revolt slave trade ship africa
1431,f rated hostage african american lawyer
1432,hide and seek wildlife preserve animal sanctuary animal conservation
1433,profanity envelope of money threat punched in the face
1434,money con artist scam orphan
1435,estate twin brother brother brother relationship santa barbara california
1436,psychiatrist bipolar disorder concert arrest
1437,teensploitation party house party bachelor party
1438,fbi federal bureau of investigation black panthers black panther party racial prejudice
1439,male rear nudity topless female nudity sex scene public nudity
1440,high school african american hood security guard
1441,sister sister relationship house painter widow friendship between women
1442,No keyword found..
1443,champagne smile bull rider home
1444,siamese cat kidnapping teenage girl surveillance
1445,social service violence unfit mother love
1446,junk food crap poison date
1447,topless female nudity male full rear nudity science doctor
1448,first person title male objectification male rear nudity bare butt
1449,leaving home first part rural setting family relationships
1450,hairy chest romantic rivalry germany poison gas
1451,fuzz pig bacon reporter
1452,romantic rivalry manipulative female female jealousy possessive female
1453,devil gangster hell love
1454,horse drawn wagon reference to wyatt earp laudenum cynic
1455,gunfighter new mexico territory apache territory apache indian
1456,con artist husband wife relationship british east africa north africa
1457,love restaurant f rated shakespeare play
1458,actress shares first name with character song singer singing
1459,suicide love geisha white man asian woman relationship
1460,drinking coming of age teenager anger
1461,millionaire gold digger vaudeville penthouse
1462,scene after end credits surprise after end credits aladdin thieves
1463,hockey movie canada alcohol male objectification
1464,family in jeopardy real life mother and daughter play mother and daughter oil field wildcatter old man
1465,long island actress written and directed by cast member death in family
1466,alliteration in title two word title name in title female name in title
1467,photograph camera loss of friend death
1468,bare chested male bare chested boy bare chested teenage boy barefoot male
1469,near drowning character names as title forenames as title nicknames as title
1470,dog 1950s claymation based on cult favorite
1471,serial killer psychopath suicide psychic link
1472,year 1123 12th century 20th century trapped in the past
1473,shirley temple world's fair 1939 world war two uk
1474,love infidelity sex male nudity
1475,f rated generation gap seaside tradition versus modernity
1476,inmate prison visit prison break escape from prison
1477,dead prostitute murder suspect friend corpse
1478,1960s black panthers new york city black militant
1479,female protagonist fictional game show trauma therapist
1480,star died before release blockbuster fisherman's wharf reference to rudolph valentino
1481,american literature on screen title same as book abbreviation in title beer drinking
1482,No keyword found.
1483,france twin musketeer three musketeers
1484,No keyword found..
1485,cavalry officer legal issue back from the dead french empire
1486,money robbery bus station cadillac
1487,reference to krishna the hindu deity ranch cowgirl thumb
1488,mine owner mine coal strike
1489,handcuffs public nudity male rear nudity large breasts
1490,female nudity female full frontal nudity based on novelSee All (4)
1491,fistfight fight brawl stabbed in the chest
1492,apartment vodka violence vandalism
1493,No keyword found.
1494,suspect murder suspect murder parody
1495,deception john f. kennedy international airport new york city new york full frontal female nudity
1496,carpool chase slow motion scene lifting someone into the air
1497,Biography
1498,robber robbery robbery gone awry record store
1499,No keyword found..
1500,black pantyhose female stockinged legs police chase mall santa
1501,No keyword found..
1502,jewish best friend squirrel peanut factory
1503,mountain gold cave tomboy
1504,homosexual male nudity male objectification bare chested male
1505,hatred homeless person peeling a potato raking
1506,older man young woman friendship rich man poor woman paris france friendship
1507,multiple selves university professor voice over little boy
1508,Family
1509,ex convict barefoot boy bare chested teenage boy coin
1510,femme fatale black comedy gangster violence
1511,looking at oneself in a mirror army senate prime minister
1512,village wedding responsibility grief
1513,african american ghetto sex independent film
1514,dying voyeur underwear twenty something
1515,3d airmail period piece imax
1516,No keyword found..
1517,teenage boy teenage girl solar car building a car
1518,custody battle social worker cartoon on tv female protagonist
1519,state name in title brutality killing troubled teen
1520,psychology fear student woods
1521,blind date nurse subway boyfriend girlfriend relationship
1522,jury member hooker protected witness cowritten by director
1523,independent film british diplomat female nudity satire
1524,duke mute germany murder
1525,gay unrequited love friendship homosexuality
1526,murder train love police
1527,one word title public nudity sperm sample sperm bank
1528,cult film independent film one word title male objectification
1529,communism zoo black comedy basement
1530,thomas jefferson character period drama marie antoinette character sally hemings character
1531,dog survival stray dog rescue
1532,france virginia college scholarship
1533,title directed by female argentina small townSee All (4)
1534,cocaine welshman killing a dog brother brother relationship
1535,No keyword found..
1536,No keyword found..
1537,storytelling stutter drug rehabilitation drug
1538,youth drugs homophobia best friend
1539,Drama Fantasy Horror
1540,actor shares first name with character no opening credits poaching dog
1541,rape poverty f rated rural setting
1542,No keyword found..
1543,21 year old eavesdropping stealing someone's shoes camera shot of feet
1544,identity swapping nylon stockings child plays matchmaker embarrassment
1545,ireland writer flashback troop ship
1546,boy girl lebensborn german
1547,lap dancing striptease female nudity sex in a swimming pool
1548,murderSee All (2)
1549,psychic erotica police independent film
1550,desert supernatural power las vegas nevada weird pregnancy
1551,rookie sheriff murder police
1552,samurai assassin bullet train ninja clan
1553,No keyword found.
1554,pain marriage worrying watching video
1555,eating an insect experiment psychotronic film tom thumb character
1556,prison escape philadelphia pennsylvania alarm code rage
1557,No keyword found..
1558,college student loss of mother loss of father second part
1559,tijuana mexico rape nudity independent film
1560,woman in jeopardy unhappy marriage dysfunctional marriage extramarital affair
1561,culture brazil journey 1990s
1562,No keyword found..
1563,german democratic republic title directed by female sex politics
1564,No keyword found.
1565,labor union class differences liberation theology belgian history
1566,world war two unrelated orphans raised as brother and sister france belgium
1567,sense of hearing village count butler
1568,state name in title wedding independent filmSee All (4)
1569,No keyword found..
1570,No keyword found.
1571,senegal west africa africa road trip
1572,No keyword found.
1573,gothic horror based on short story horse woman smokes a cigar
1574,shot in the back woman fights man plucking chicken hostage drama
1575,viceroy archbishop bishop intrigue
1576,child with a gun identification card watching television aerial camera shot
1577,male objectification wet clothes revolution jungle
1578,idle idler art holiday
1579,pantyhose male frontal nudity watching tv male full frontal nudity
1580,opera duel adultery suicide
1581,flashback unreliable flashback police police detective
1582,treasury agent steam room bare chested male hairy chest
1583,No keyword found.
1584,orphan kinescope blind woman live television
1585,f rated brother versus brother strike union
1586,No keyword found..
1587,crude oil greed evil landowner abuse
1588,reference to algeria suitcase falling in love friendship
1589,black comedy absurdism satire experimental film
1590,No keyword found..
1591,slow motion scene urban setting pineapple heartbreak
1592,No keyword found..No keyword found..
1593,australia black comedy independent filmSee All (4)
1594,mount everest mountaineering himalayas climbing
1595,shop shopping mall stealing rivalry
1596,baby shot to death assassin knife
1597,shot in the forehead neo nazi laundry drying on a clothesline looking at a picture
1598,heist sex scene bare breasts neo noirish
1599,new york city new york well american dream bar
1600,funeral procession satire cuba one word title
1601,title directed by female slasher workplace romance socially awkward
1602,hasidic marriage jew interrupted kiss
1603,mental illness tween girl sister sister relationship husband wife relationship
1604,nitroglycerine ampoule arsenal searching a car television projector
1605,radio station hope chest chinese restaurant radio
1606,violence textile company secret prostitute
1607,smuggling prison new mexico gang
1608,gorilla socialite chimpanzee 1930s
1609,restaurant millionaire nephew bikini
1610,directed by star ex convict drugs robbery
1611,older woman younger man relationship age difference mother daughter relationship infidelity
1612,No keyword found..
1613,punching bag nurse bloodbath pain
1614,debutante drummer reception line teenage girl
1615,football furry sword and sorcery water boy
1616,wind tunnel wind tunnel desert
1617,victim spanish music dancing dancer
1618,cult film murder chase release from prison
1619,No keyword found..
1620,college college basketball team basketball
1621,gasoline station gasoline station attendant england self hatred
1622,male nudity male frontal nudity penis pubic hair
1623,No keyword found..
1624,borderline personality disorder injection bare chested male boy
1625,dead prostitute murder suspect friend corpse
1626,female nudity bath homosexualSee All (4)
1627,female nudity based on play independent filmSee All (4)
1628,one word title poverty fraud post cold war
1629,female musician singer songwriter interview female singer
1630,No keyword found..
1631,nose bandage corporal punishment anti semitism penis
1632,spain spanish civil war trench warfare anarchism
1633,No keyword found..
1634,teenager sequel based on novelSee All (4)
1635,f rated reverse chronology retrograde narrative title directed by female
1636,immigrant pakistani england 1960s
1637,suicide rape victim domestic violence flashback
1638,relay car love police bar
1639,No keyword found..
1640,actor train village full frontal female nudity
1641,factory small town park layoff
1642,briton catholic priest death by starvation public house
1643,love therapy female frontal nudity male frontal nudity
1644,f rated nudity fortune teller independent film
1645,No keyword found..
1646,village soldier orphan mountain
1647,leukemia cynicism retiree pig
1648,doll pharmacist pharmacy police
1649,alliance atlantis three word title social activism unemployment
1650,No keyword found..
1651,secret innocence murder vacation
1652,cousin cousin romance drug addict paralysis younger man older woman relationship
1653,social activist social activism conversion to catholicism helping the less fortunate
1654,public nudity elderly woman embarrassing nudity embarrassing male nudity
1655,No keyword found..
1656,dog undressing sabotage public humiliation
1657,No keyword found.
1658,No keyword found.
1659,death college waiter waitress
1660,gang brother violence teenager
1661,black comedy surrealism satire failing business
1662,magic shaman love politician
1663,irish troubles ireland 1970s murder
1664,female stockinged soles female stockinged feet camera shot of feet pantyhose
1665,urban setting undercover cop suicide stabbing
1666,twin army base on the road braless teen
1667,No keyword found..
1668,female removes her dress f rated sexy woman sexy
1669,title directed by female repetition in title independent filmSee All (4)
1670,vampire blood irreverence troma
1671,No keyword found..
1672,voyeurism escaped prisoner serial killer suicide note
1673,dissociative identity disorder salton sea multiple personality independent film
1674,character name as title motorcycle proletarian fight
1675,on the road native american helicopter teenager
1676,veteran thanksgiving thanksgiving day vietnam war veteran
1677,woman wears a bra and panties new york city money drugs
1678,family relationships russia old woman nature
1679,great britain teacher love blow job
1680,twist of fate serendipity parallel time destiny
1681,stand up comedy live audience spoof live comedy
1682,mountaineer mountaineering climbing commitment
